{"options":{"authAPIVersion":1,"bookmarkThumbHeight":150,"bookmarkThumbWidth":90,"dropEnabled":true,"footerPanelEnabled":true,"headerPanelEnabled":true,"leftPanelEnabled":true,"limitLocales":false,"openTemplate":"http://universalviewer.io?manifest={0}","pessimisticAccessControl":false,"rightPanelEnabled":true,"theme":"uv-en-GB-theme"},"modules":{"shareDialogue":{"options":{"embedTemplate":"<iframe src=\"{0}\" width=\"{1}\" height=\"{2}\" allowfullscreen frameborder=\"0\"></iframe>"},"content":{"customSize":"niestandardowy","embed":"Osadź","embedInstructions":"Aby osadzić ten obiekt na własnej witrynie, skopiuj i wklej poniższy kod.","height":"Wysokość","iiif":"Manifest IIIF","share":"Udostępnij","shareInstructions":"Aby udostępnić ten obiekt, skopiuj poniższy adres URL.","size":"Rozmiar:","width":"Szerokość"}},"fileLinkCenterPanel":{"content":{}},"footerPanel":{"options":{"bookmarkEnabled":false,"downloadEnabled":false,"embedEnabled":false,"feedbackEnabled":false,"minimiseButtons":true,"openEnabled":false,"shareEnabled":true},"content":{"bookmark":"Dodaj do zakładek","download":"Pobierz","embed":"Osadź","exitFullScreen":"Zamknij pełny ekran","fullScreen":"Pełny ekran","moreInfo":"Więcej informacji","open":"Otwórz"}},"genericDialogue":{"content":{"ok":"OK"}},"headerPanel":{"content":{"close":"Zamknij","help":"Pomoc"}},"helpDialogue":{"content":{"text":"tekst zastępczy","title":"Pomoc"}},"moreInfoRightPanel":{"options":{"canvasDisplayOrder":"","canvasExclude":"","copyToClipboardEnabled":false,"manifestDisplayOrder":"","manifestExclude":"","panelAnimationDuration":250,"panelCollapsedWidth":30,"panelExpandedWidth":255,"panelOpen":false,"rtlLanguageCodes":"ar, ara, dv, div, he, heb, ur, urd","showAllLanguages":false,"textLimit":4,"textLimitType":"lines"},"content":{"attribution":"Źródło","collapse":"Zwiń informacje","collapseFull":"Zwiń galerię","description":"Opis","expand":"Rozwiń informacje","expandFull":"Rozwiń galerię","holdingText":"Miejsce na twój moduł!","less":"mniej","license":"Licencja","logo":"Logo","more":"więcej","noData":"Brak danych do wyświetlenia","page":"Strona","title":"Więcej informacji","manifestHeader":"O obiekcie","canvasHeader":"O obrazie","copyToClipboard":"Skopiuj do schowka","copiedToClipboard":"Skopiowano do schowka"}},"resourcesLeftPanel":{"options":{"expandFullEnabled":false,"panelAnimationDuration":250,"panelCollapsedWidth":30,"panelExpandedWidth":255,"panelOpen":true},"content":{"title":"Zawartość"}},"dialogue":{"content":{"close":"Zamknij"}},"downloadDialogue":{"content":{"download":"Pobierz","entireFileAsOriginal":"Cały plik","noneAvailable":"Brak dostępnych opcji pobierania.","preview":"Podgląd","title":"Pobieranie"}},"loginDialogue":{"content":{"login":"Zaloguj się","cancel":"Anuluj"}},"settingsDialogue":{"content":{"locale":"Język","pagingEnabled":"Widok dwóch stron","preserveViewport":"Zachowanie przybliżenia","title":"Ustawienia","website":"<a href='https://github.com/universalviewer/universalviewer'>więcej informacji</a>"}}},"localisation":{"label":"Polski","locales":[{"name":"cy-GB","label":"Cymraeg"},{"name":"en-GB","label":"English (GB)"},{"name":"fr-FR","label":"Français (FR)"},{"name":"pl-PL","label":"Polski"},{"name":"sv-SE","label":"Svenska"}]},"content":{"authCORSError":"Twoja przeglądarka nie obsługuje CORS. Zaktualizuj ją, aby wyświetlić tę zawartość.","authorisationFailedMessage":"Twoja próba logowania nie powidła się. Proszę spróbuj ponownie.","degradedResourceMessage":"Zaloguj się, aby wyświetlić w pełnej jakości.","degradedResourceLogin":"Zaloguj się","forbiddenResourceMessage":"Twoje obecne prawa dostępu są niewystarczające, aby wyświetlić ten obraz"}}