{"options":{"allowStealFocus":false,"authAPIVersion":1,"bookmarkThumbHeight":150,"bookmarkThumbWidth":90,"dropEnabled":true,"footerPanelEnabled":true,"headerPanelEnabled":true,"leftPanelEnabled":true,"limitLocales":false,"metrics":[{"type":"watch","minWidth":0,"maxWidth":312,"minHeight":0,"maxHeight":390},{"type":"mobileportrait","minWidth":312,"maxWidth":415,"minHeight":640,"maxHeight":813},{"type":"mobilelandscape","minWidth":640,"maxWidth":813,"minHeight":360,"maxHeight":415},{"type":"desktop","minWidth":800,"maxWidth":100000,"minHeight":415,"maxHeight":100000}],"multiSelectionMimeType":"application/zip","navigatorEnabled":true,"openTemplate":"http://universalviewer.io?manifest={0}","overrideFullScreen":false,"pagingEnabled":true,"pagingOptionEnabled":true,"pessimisticAccessControl":false,"preserveViewport":false,"rightPanelEnabled":true,"saveUserSettings":false,"clickToZoomEnabled":true,"searchWithinEnabled":true,"termsOfUseEnabled":true,"theme":"uv-en-GB-theme","tokenStorage":"session","useArrowKeysToNavigate":false,"zoomToSearchResultEnabled":true,"zoomToBoundsEnabled":true},"modules":{"contentLeftPanel":{"options":{"autoExpandTreeEnabled":false,"autoExpandTreeIfFewerThan":20,"branchNodesExpandOnClick":true,"branchNodesSelectable":false,"defaultToTreeEnabled":false,"defaultToTreeIfGreaterThan":0,"elideCount":40,"expandFullEnabled":true,"galleryThumbChunkedResizingThreshold":400,"galleryThumbHeight":320,"galleryThumbLoadPadding":3,"galleryThumbWidth":200,"oneColThumbHeight":320,"oneColThumbWidth":200,"pageModeEnabled":true,"panelAnimationDuration":250,"panelCollapsedWidth":30,"panelExpandedWidth":255,"panelOpen":true,"tabOrder":"","thumbsCacheInvalidation":{"enabled":true,"paramType":"?"},"thumbsEnabled":true,"thumbsExtraHeight":8,"thumbsImageFadeInDuration":300,"thumbsLoadRange":15,"treeEnabled":true,"twoColThumbHeight":150,"twoColThumbWidth":90},"content":{"contents":"CONTENTS (xx-XX)","index":"Index (xx-XX)","thumbnails":"Thumbnails (xx-XX)"}},"dialogue":{"topCloseButtonEnabled":false,"content":{"close":"Close (xx-XX)"}},"downloadDialogue":{"options":{"confinedImageSize":1000,"currentViewDisabledPercentage":90,"maxImageWidth":5000,"optionsExplanatoryTextEnabled":false,"selectionEnabled":false},"content":{"currentViewAsJpg":"Current view (jpg) (xx-XX)","download":"Download (xx-XX)","editSettings":"Edit Settings (xx-XX)","entireDocument":"Entire document ({0}) (xx-XX)","entireFileAsOriginal":"Entire file (xx-XX)","noneAvailable":"No download options are available. (xx-XX)","pagingNote":"Please turn off Two Page View for additional options. (xx-XX)","preview":"Preview (xx-XX)","title":"Download (xx-XX)","wholeImageHighRes":"Whole image high res ({0}) (xx-XX)","wholeImageLowResAsJpg":"Whole image low res (jpg) (xx-XX)"}},"footerPanel":{"options":{"autocompleteAllowWords":false,"bookmarkEnabled":false,"downloadEnabled":true,"embedEnabled":false,"feedbackEnabled":false,"fullscreenEnabled":true,"minimiseButtons":true,"moreInfoEnabled":true,"openEnabled":false,"printEnabled":false,"shareEnabled":true},"content":{"embed":"Embed (xx-XX)","exitFullScreen":"Exit Full Screen (xx-XX)","fullScreen":"Full Screen (xx-XX)"}},"genericDialogue":{"content":{"emptyValue":"please enter a value (xx-XX)","invalidNumber":"Please enter a valid number (xx-XX)","ok":"OK (xx-XX)","pageNotFound":"This item does not contain a page with the number you entered. Try switching the numbering mode to 'image' (xx-XX)","refresh":"Refresh (xx-XX)"}},"headerPanel":{"options":{"centerOptionsEnabled":true,"localeToggleEnabled":false,"settingsButtonEnabled":true}},"helpDialogue":{"content":{"text":"placeholder text (xx-XX)","title":"Help (xx-XX)"}},"moreInfoRightPanel":{"options":{"canvasDisplayOrder":"","canvasExclude":"","copyToClipboardEnabled":false,"manifestDisplayOrder":"","manifestExclude":"","panelAnimationDuration":250,"panelCollapsedWidth":30,"panelExpandedWidth":255,"panelOpen":false,"rtlLanguageCodes":"ar, ara, dv, div, he, heb, ur, urd","showAllLanguages":false,"textLimit":4,"textLimitType":"lines"},"content":{"holdingText":"Your module goes here! (xx-XX)","less":"less (xx-XX)","more":"more (xx-XX)","noData":"No data to display (xx-XX)","title":"MORE INFORMATION (xx-XX)"}},"multiSelectDialogue":{"options":{"galleryThumbChunkedResizingEnabled":true,"galleryThumbChunkedResizingThreshold":400,"galleryThumbHeight":320,"galleryThumbLoadPadding":3,"galleryThumbWidth":200,"pageModeEnabled":true}},"pagingHeaderPanel":{"options":{"autoCompleteBoxEnabled":true,"autocompleteAllowWords":false,"galleryButtonEnabled":true,"imageSelectionBoxEnabled":false,"pageModeEnabled":false,"pagingToggleEnabled":true},"content":{"close":"Close (xx-XX)","emptyValue":"Please enter a value (xx-XX)","first":"First (xx-XX)","folio":"Folio (xx-XX)","go":"Go (xx-XX)","help":"Help (xx-XX)","image":"Image (xx-XX)","last":"Last (xx-XX)","next":"Next (xx-XX)","of":"of {0} (xx-XX)","oneUp":"Single page view (xx-XX)","page":"Page (xx-XX)","previous":"Previous (xx-XX)","settings":"Settings (xx-XX)","twoUp":"Two page view (xx-XX)"}},"seadragonCenterPanel":{"options":{"animationTime":0.15,"autoHideControls":true,"requiredStatementEnabled":true,"blendTime":0,"constrainDuringPan":false,"controlsFadeAfterInactive":1500,"controlsFadeDelay":250,"controlsFadeLength":250,"defaultZoomLevel":0,"immediateRender":false,"maxZoomPixelRatio":1.25,"navigatorPosition":"BOTTOM_RIGHT","pageGap":50,"showHomeControl":false,"trimAttributionCount":150,"visibilityRatio":0.5},"content":{"acknowledgements":"Acknowledgements (xx-XX)","goHome":"Go Home (xx-XX)","imageUnavailable":"Image Unavailable (xx-XX)","next":"Next (xx-XX)","previous":"Previous (xx-XX)","rotateRight":"Rotate Right (xx-XX)","zoomIn":"Zoom In (xx-XX)","zoomOut":"Zoom Out (xx-XX)"}},"searchFooterPanel":{"options":{"elideDetailsTermsCount":20,"elideResultsTermsCount":10,"forceImageMode":false,"pageModeEnabled":true,"positionMarkerEnabled":true},"content":{"clearSearch":"Clear Search (xx-XX)","defaultLabel":"- (xx-XX)","displaying":"Displaying {0} {1} of {2} (xx-XX)","enterKeyword":"Enter Keyword (xx-XX)","image":"image (xx-XX)","imageCaps":"Image (xx-XX)","instanceFound":"1 instance of '{0}' found (xx-XX)","instancesFound":"{0} instances of '{1}' found (xx-XX)","nextResult":"Next Result (xx-XX)","page":"page (xx-XX)","pageCaps":"Page (xx-XX)","previousResult":"Previous Result (xx-XX)","resultFoundFor":"result found for (xx-XX)","resultsFoundFor":"results found for (xx-XX)","searchWithin":"Search within this item: (xx-XX)"}},"settingsDialogue":{"content":{"locale":"Locale (xx-XX)","pagingEnabled":"Two Page View (xx-XX)","preserveViewport":"Preserve Zoom (xx-XX)","title":"Settings (xx-XX)","website":"<a href='https://github.com/universalviewer/universalviewer'>more info (xx-XX)</a>"}},"shareDialogue":{"options":{"embedTemplate":"<iframe src=\"{0}\" width=\"{1}\" height=\"{2}\" allowfullscreen frameborder=\"0\"></iframe>","instructionsEnabled":false,"shareFrameEnabled":true}},"clickThroughDialogue":{"content":{"viewTerms":"Read Full Terms and Conditions (xx-XX)"}},"embedDialogue":{"content":{"customSize":"Custom Size (xx-XX)","height":"Height (xx-XX)","instructions":"To embed this item in your own website, copy and paste the code below: (xx-XX)","title":"Embed (xx-XX)","width":"Width (xx-XX)"}}},"localisation":{"label":"English (GB) (xx-XX)","locales":[{"name":"cy-GB","label":"Cymraeg"},{"name":"en-GB","label":"English (GB)"},{"name":"fr-FR","label":"Français (FR)"},{"name":"pl-PL","label":"Polski"},{"name":"sv-SE","label":"Svenska"},{"name":"xx-XX","label":"English (GB) (xx-XX)"}]},"content":{"canvasIndexOutOfRange":"Canvas index out of range. (xx-XX)","degradedResourceMessage":"Please log in to view at full quality. (xx-XX)","degradedResourceLogin":"log in (xx-XX)"}}